,id,satisfaction
0,1,0
1,2,0
2,3,1
3,4,1
4,5,1
5,6,0
6,7,0
7,8,1
8,9,0
9,10,0
10,11,1
11,12,1
12,13,0
13,14,1
14,15,1
15,16,1
16,17,0
17,18,0
18,19,1
19,20,1
20,21,1
21,22,0
22,23,0
23,24,0
24,25,1
25,26,0
26,27,0
27,28,0
28,29,1
29,30,0
30,31,1
31,32,1
32,33,0
33,34,0
34,35,1
35,36,1
36,37,0
37,38,1
38,39,0
39,40,1
40,41,1
41,42,1
42,43,0
43,44,0
44,45,0
45,46,1
46,47,1
47,48,0
48,49,1
49,50,1
50,51,0
51,52,1
52,53,0
53,54,0
54,55,1
55,56,0
56,57,1
57,58,0
58,59,0
59,60,1
60,61,0
61,62,0
62,63,0
63,64,0
64,65,1
65,66,1
66,67,1
67,68,1
68,69,0
69,70,0
70,71,0
71,72,1
72,73,1
73,74,1
74,75,0
75,76,0
76,77,0
77,78,1
78,79,1
79,80,1
80,81,1
81,82,1
82,83,0
83,84,0
84,85,1
85,86,0
86,87,1
87,88,1
88,89,1
89,90,0
90,91,1
91,92,1
92,93,0
93,94,0
94,95,1
95,96,1
96,97,0
97,98,1
98,99,1
99,100,0
100,101,0
101,102,0
102,103,1
103,104,0
104,105,1
105,106,1
106,107,1
107,108,0
108,109,0
109,110,1
110,111,1
111,112,0
112,113,0
113,114,1
114,115,0
115,116,1
116,117,0
117,118,0
118,119,0
119,120,0
120,121,1
121,122,0
122,123,0
123,124,0
124,125,0
125,126,1
126,127,1
127,128,1
128,129,1
129,130,0
130,131,1
131,132,0
132,133,0
133,134,1
134,135,1
135,136,1
136,137,0
137,138,0
138,139,0
139,140,0
140,141,0
141,142,1
142,143,1
143,144,0
144,145,1
145,146,1
146,147,1
147,148,0
148,149,1
149,150,1
150,151,1
151,152,1
152,153,1
153,154,0
154,155,0
155,156,1
156,157,1
157,158,1
158,159,1
159,160,0
160,161,1
161,162,1
162,163,1
163,164,0
164,165,1
165,166,1
166,167,1
167,168,0
168,169,1
169,170,0
170,171,0
171,172,0
172,173,0
173,174,0
174,175,1
175,176,1
176,177,0
177,178,1
178,179,0
179,180,0
180,181,1
181,182,0
182,183,1
183,184,1
184,185,1
185,186,1
186,187,1
187,188,0
188,189,1
189,190,0
190,191,1
191,192,1
192,193,1
193,194,0
194,195,1
195,196,0
196,197,0
197,198,0
198,199,1
199,200,1
200,201,1
201,202,0
202,203,1
203,204,0
204,205,0
205,206,1
206,207,1
207,208,0
208,209,0
209,210,1
210,211,0
211,212,0
212,213,0
213,214,0
214,215,1
215,216,1
216,217,0
217,218,1
218,219,0
219,220,1
220,221,1
221,222,0
222,223,1
223,224,0
224,225,1
225,226,1
226,227,1
227,228,1
228,229,1
229,230,1
230,231,0
231,232,0
232,233,1
233,234,0
234,235,0
235,236,1
236,237,1
237,238,1
238,239,0
239,240,0
240,241,0
241,242,0
242,243,0
243,244,1
244,245,1
245,246,1
246,247,0
247,248,1
248,249,0
249,250,1
250,251,1
251,252,1
252,253,1
253,254,0
254,255,1
255,256,1
256,257,1
257,258,0
258,259,1
259,260,1
260,261,1
261,262,1
262,263,0
263,264,1
264,265,0
265,266,0
266,267,1
267,268,0
268,269,0
269,270,1
270,271,1
271,272,1
272,273,0
273,274,0
274,275,0
275,276,0
276,277,0
277,278,1
278,279,0
279,280,0
280,281,1
281,282,1
282,283,1
283,284,1
284,285,1
285,286,1
286,287,1
287,288,0
288,289,0
289,290,0
290,291,1
291,292,1
292,293,0
293,294,1
294,295,0
295,296,1
296,297,0
297,298,0
298,299,0
299,300,1
300,301,1
301,302,1
302,303,0
303,304,0
304,305,0
305,306,0
306,307,1
307,308,0
308,309,1
309,310,0
310,311,1
311,312,0
312,313,1
313,314,1
314,315,1
315,316,1
316,317,1
317,318,0
318,319,1
319,320,0
320,321,0
321,322,1
322,323,0
323,324,0
324,325,1
325,326,0
326,327,0
327,328,0
328,329,0
329,330,1
330,331,1
331,332,1
332,333,0
333,334,1
334,335,1
335,336,0
336,337,0
337,338,1
338,339,0
339,340,0
340,341,1
341,342,0
342,343,1
343,344,0
344,345,0
345,346,1
346,347,0
347,348,1
348,349,1
349,350,0
350,351,1
351,352,0
352,353,1
353,354,1
354,355,0
355,356,0
356,357,1
357,358,1
358,359,1
359,360,1
360,361,1
361,362,1
362,363,1
363,364,0
364,365,1
365,366,0
366,367,0
367,368,0
368,369,1
369,370,1
370,371,0
371,372,0
372,373,0
373,374,1
374,375,1
375,376,1
376,377,1
377,378,1
378,379,0
379,380,1
380,381,1
381,382,0
382,383,1
383,384,1
384,385,0
385,386,0
386,387,0
387,388,0
388,389,1
389,390,0
390,391,0
391,392,1
392,393,1
393,394,0
394,395,0
395,396,1
396,397,0
397,398,0
398,399,0
399,400,0
400,401,1
401,402,0
402,403,0
403,404,1
404,405,0
405,406,1
406,407,1
407,408,0
408,409,0
409,410,0
410,411,1
411,412,1
412,413,0
413,414,1
414,415,0
415,416,1
416,417,0
417,418,1
418,419,0
419,420,0
420,421,1
421,422,1
422,423,0
423,424,1
424,425,0
425,426,1
426,427,0
427,428,1
428,429,1
429,430,1
430,431,1
431,432,1
432,433,1
433,434,0
434,435,1
435,436,0
436,437,0
437,438,1
438,439,1
439,440,1
440,441,1
441,442,1
442,443,1
443,444,0
444,445,1
445,446,0
446,447,1
447,448,1
448,449,0
449,450,1
450,451,0
451,452,1
452,453,1
453,454,1
454,455,0
455,456,0
456,457,1
457,458,0
458,459,1
459,460,1
460,461,1
461,462,0
462,463,0
463,464,0
464,465,1
465,466,0
466,467,1
467,468,0
468,469,1
469,470,1
470,471,0
471,472,1
472,473,0
473,474,0
474,475,1
475,476,1
476,477,0
477,478,0
478,479,1
479,480,0
480,481,0
481,482,1
482,483,1
483,484,1
484,485,1
485,486,0
486,487,0
487,488,0
488,489,1
489,490,1
490,491,1
491,492,1
492,493,0
493,494,1
494,495,0
495,496,0
496,497,0
497,498,0
498,499,0
499,500,0
500,501,0
501,502,1
502,503,0
503,504,0
504,505,0
505,506,1
506,507,0
507,508,0
508,509,1
509,510,1
510,511,0
511,512,0
512,513,0
513,514,0
514,515,0
515,516,0
516,517,1
517,518,0
518,519,1
519,520,1
520,521,1
521,522,1
522,523,0
523,524,1
524,525,1
525,526,0
526,527,1
527,528,0
528,529,0
529,530,0
530,531,1
531,532,0
532,533,1
533,534,1
534,535,0
535,536,0
536,537,1
537,538,1
538,539,0
539,540,1
540,541,1
541,542,0
542,543,1
543,544,1
544,545,1
545,546,0
546,547,1
547,548,0
548,549,1
549,550,1
550,551,0
551,552,0
552,553,1
553,554,1
554,555,1
555,556,0
556,557,1
557,558,0
558,559,0
559,560,1
560,561,0
561,562,0
562,563,1
563,564,1
564,565,1
565,566,1
566,567,1
567,568,1
568,569,1
569,570,0
570,571,1
571,572,0
572,573,1
573,574,0
574,575,1
575,576,1
576,577,1
577,578,1
578,579,0
579,580,1
580,581,1
581,582,1
582,583,1
583,584,1
584,585,0
585,586,0
586,587,1
587,588,1
588,589,0
589,590,1
590,591,0
591,592,1
592,593,1
593,594,0
594,595,0
595,596,1
596,597,1
597,598,0
598,599,0
599,600,0
600,601,1
601,602,1
602,603,1
603,604,1
604,605,1
605,606,1
606,607,0
607,608,1
608,609,0
609,610,0
610,611,0
611,612,1
612,613,0
613,614,1
614,615,0
615,616,0
616,617,0
617,618,0
618,619,1
619,620,1
620,621,0
621,622,1
622,623,1
623,624,0
624,625,1
625,626,0
626,627,0
627,628,0
628,629,1
629,630,1
630,631,0
631,632,1
632,633,1
633,634,0
634,635,0
635,636,1
636,637,0
637,638,0
638,639,0
639,640,0
640,641,1
641,642,1
642,643,0
643,644,0
644,645,1
645,646,1
646,647,0
647,648,0
648,649,0
649,650,0
650,651,1
651,652,1
652,653,0
653,654,0
654,655,0
655,656,1
656,657,1
657,658,0
658,659,1
659,660,1
660,661,0
661,662,0
662,663,1
663,664,0
664,665,0
665,666,1
666,667,1
667,668,1
668,669,1
669,670,0
670,671,0
671,672,0
672,673,1
673,674,0
674,675,0
675,676,0
676,677,0
677,678,0
678,679,1
679,680,1
680,681,0
681,682,1
682,683,1
683,684,0
684,685,1
685,686,1
686,687,1
687,688,0
688,689,0
689,690,0
690,691,0
691,692,1
692,693,0
693,694,1
694,695,1
695,696,1
696,697,0
697,698,1
698,699,1
699,700,1
700,701,0
701,702,1
702,703,0
703,704,1
704,705,1
705,706,0
706,707,1
707,708,0
708,709,0
709,710,1
710,711,0
711,712,0
712,713,1
713,714,0
714,715,1
715,716,1
716,717,1
717,718,0
718,719,1
719,720,0
720,721,1
721,722,1
722,723,0
723,724,0
724,725,1
725,726,1
726,727,1
727,728,0
728,729,1
729,730,1
730,731,0
731,732,1
732,733,0
733,734,0
734,735,1
735,736,0
736,737,0
737,738,0
738,739,1
739,740,1
740,741,0
741,742,1
742,743,0
743,744,1
744,745,0
745,746,0
746,747,0
747,748,1
748,749,0
749,750,1
750,751,0
751,752,0
752,753,1
753,754,0
754,755,1
755,756,0
756,757,0
757,758,0
758,759,1
759,760,1
760,761,1
761,762,1
762,763,0
763,764,0
764,765,0
765,766,0
766,767,0
767,768,0
768,769,1
769,770,1
770,771,0
771,772,1
772,773,1
773,774,1
774,775,0
775,776,0
776,777,0
777,778,1
778,779,0
779,780,1
780,781,0
781,782,0
782,783,1
783,784,0
784,785,1
785,786,0
786,787,1
787,788,0
788,789,1
789,790,1
790,791,1
791,792,0
792,793,1
793,794,1
794,795,1
795,796,1
796,797,0
797,798,1
798,799,0
799,800,1
800,801,1
801,802,1
802,803,1
803,804,1
804,805,0
805,806,1
806,807,0
807,808,1
808,809,1
809,810,1
810,811,1
811,812,0
812,813,0
813,814,1
814,815,0
815,816,0
816,817,1
817,818,1
818,819,1
819,820,1
820,821,0
821,822,1
822,823,0
823,824,0
824,825,1
825,826,0
826,827,1
827,828,0
828,829,1
829,830,1
830,831,1
831,832,0
832,833,1
833,834,0
834,835,0
835,836,0
836,837,0
837,838,1
838,839,0
839,840,1
840,841,0
841,842,0
842,843,1
843,844,1
844,845,0
845,846,1
846,847,0
847,848,0
848,849,0
849,850,1
850,851,0
851,852,1
852,853,0
853,854,0
854,855,1
855,856,0
856,857,1
857,858,0
858,859,1
859,860,0
860,861,1
861,862,1
862,863,0
863,864,1
864,865,0
865,866,0
866,867,0
867,868,1
868,869,1
869,870,1
870,871,1
871,872,0
872,873,0
873,874,0
874,875,1
875,876,0
876,877,1
877,878,0
878,879,0
879,880,1
880,881,1
881,882,0
882,883,1
883,884,0
884,885,1
885,886,1
886,887,0
887,888,0
888,889,0
889,890,0
890,891,0
891,892,0
892,893,0
893,894,0
894,895,1
895,896,1
896,897,0
897,898,0
898,899,1
899,900,1
900,901,1
901,902,1
902,903,1
903,904,0
904,905,1
905,906,1
906,907,1
907,908,0
908,909,1
909,910,1
910,911,1
911,912,0
912,913,1
913,914,0
914,915,0
915,916,1
916,917,1
917,918,0
918,919,0
919,920,1
920,921,1
921,922,0
922,923,1
923,924,1
924,925,1
925,926,0
926,927,0
927,928,1
928,929,1
929,930,1
930,931,1
931,932,1
932,933,0
933,934,1
934,935,1
935,936,0
936,937,0
937,938,0
938,939,0
939,940,0
940,941,0
941,942,0
942,943,0
943,944,0
944,945,1
945,946,0
946,947,0
947,948,1
948,949,0
949,950,0
950,951,1
951,952,0
952,953,0
953,954,0
954,955,1
955,956,0
956,957,1
957,958,0
958,959,0
959,960,1
960,961,1
961,962,1
962,963,1
963,964,0
964,965,1
965,966,0
966,967,1
967,968,0
968,969,1
969,970,1
970,971,0
971,972,1
972,973,1
973,974,1
974,975,1
975,976,0
976,977,0
977,978,0
978,979,0
979,980,0
980,981,0
981,982,0
982,983,0
983,984,1
984,985,1
985,986,1
986,987,1
987,988,0
988,989,1
989,990,0
990,991,0
991,992,1
992,993,0
993,994,0
994,995,0
995,996,0
996,997,1
997,998,1
998,999,1
999,1000,0
1000,1001,1
1001,1002,0
1002,1003,1
1003,1004,0
1004,1005,1
1005,1006,0
1006,1007,0
1007,1008,1
1008,1009,0
1009,1010,0
1010,1011,0
1011,1012,1
1012,1013,1
1013,1014,0
1014,1015,1
1015,1016,1
1016,1017,0
1017,1018,0
1018,1019,1
1019,1020,1
1020,1021,1
1021,1022,1
1022,1023,0
1023,1024,0
1024,1025,0
1025,1026,1
1026,1027,1
1027,1028,0
1028,1029,1
1029,1030,1
1030,1031,0
1031,1032,0
1032,1033,0
1033,1034,0
1034,1035,0
1035,1036,0
1036,1037,0
1037,1038,1
1038,1039,1
1039,1040,0
1040,1041,0
1041,1042,1
1042,1043,1
1043,1044,1
1044,1045,1
1045,1046,0
1046,1047,1
1047,1048,1
1048,1049,1
1049,1050,1
1050,1051,1
1051,1052,0
1052,1053,1
1053,1054,1
1054,1055,1
1055,1056,0
1056,1057,0
1057,1058,0
1058,1059,1
1059,1060,1
1060,1061,0
1061,1062,1
1062,1063,1
1063,1064,0
1064,1065,0
1065,1066,0
1066,1067,0
1067,1068,0
1068,1069,1
1069,1070,1
1070,1071,1
1071,1072,0
1072,1073,0
1073,1074,0
1074,1075,1
1075,1076,1
1076,1077,0
1077,1078,0
1078,1079,0
1079,1080,0
1080,1081,0
1081,1082,1
1082,1083,0
1083,1084,1
1084,1085,1
1085,1086,0
1086,1087,1
1087,1088,0
1088,1089,1
1089,1090,0
1090,1091,0
1091,1092,0
1092,1093,0
1093,1094,0
1094,1095,1
1095,1096,1
1096,1097,1
1097,1098,1
1098,1099,1
1099,1100,0
1100,1101,0
1101,1102,1
1102,1103,1
1103,1104,0
1104,1105,1
1105,1106,1
1106,1107,1
1107,1108,0
1108,1109,0
1109,1110,1
1110,1111,1
1111,1112,0
1112,1113,0
1113,1114,1
1114,1115,0
1115,1116,0
1116,1117,0
1117,1118,0
1118,1119,1
1119,1120,0
1120,1121,1
1121,1122,1
1122,1123,1
1123,1124,0
1124,1125,1
1125,1126,0
1126,1127,0
1127,1128,1
1128,1129,1
1129,1130,1
1130,1131,1
1131,1132,0
1132,1133,0
1133,1134,0
1134,1135,1
1135,1136,1
1136,1137,1
1137,1138,1
1138,1139,0
1139,1140,0
1140,1141,0
1141,1142,1
1142,1143,0
1143,1144,0
1144,1145,1
1145,1146,0
1146,1147,0
1147,1148,0
1148,1149,1
1149,1150,0
1150,1151,0
1151,1152,0
1152,1153,1
1153,1154,1
1154,1155,0
1155,1156,0
1156,1157,1
1157,1158,0
1158,1159,1
1159,1160,0
1160,1161,1
1161,1162,0
1162,1163,0
1163,1164,0
1164,1165,1
1165,1166,0
1166,1167,1
1167,1168,0
1168,1169,1
1169,1170,1
1170,1171,1
1171,1172,0
1172,1173,1
1173,1174,1
1174,1175,0
1175,1176,1
1176,1177,0
1177,1178,1
1178,1179,1
1179,1180,0
1180,1181,0
1181,1182,1
1182,1183,0
1183,1184,1
1184,1185,0
1185,1186,1
1186,1187,1
1187,1188,1
1188,1189,1
1189,1190,1
1190,1191,0
1191,1192,1
1192,1193,1
1193,1194,1
1194,1195,1
1195,1196,1
1196,1197,0
1197,1198,1
1198,1199,1
1199,1200,1
1200,1201,1
1201,1202,0
1202,1203,1
1203,1204,0
1204,1205,1
1205,1206,1
1206,1207,0
1207,1208,1
1208,1209,0
1209,1210,0
1210,1211,1
1211,1212,1
1212,1213,0
1213,1214,1
1214,1215,0
1215,1216,0
1216,1217,1
1217,1218,1
1218,1219,0
1219,1220,0
1220,1221,1
1221,1222,1
1222,1223,0
1223,1224,1
1224,1225,0
1225,1226,0
1226,1227,0
1227,1228,0
1228,1229,0
1229,1230,1
1230,1231,1
1231,1232,1
1232,1233,0
1233,1234,1
1234,1235,1
1235,1236,1
1236,1237,0
1237,1238,0
1238,1239,1
1239,1240,0
1240,1241,0
1241,1242,1
1242,1243,1
1243,1244,0
1244,1245,0
1245,1246,0
1246,1247,0
1247,1248,0
1248,1249,1
1249,1250,0
1250,1251,1
1251,1252,0
1252,1253,1
1253,1254,0
1254,1255,1
1255,1256,1
1256,1257,1
1257,1258,1
1258,1259,1
1259,1260,1
1260,1261,0
1261,1262,0
1262,1263,1
1263,1264,1
1264,1265,0
1265,1266,1
1266,1267,1
1267,1268,1
1268,1269,1
1269,1270,0
1270,1271,1
1271,1272,0
1272,1273,0
1273,1274,0
1274,1275,0
1275,1276,0
1276,1277,1
1277,1278,1
1278,1279,1
1279,1280,0
1280,1281,1
1281,1282,1
1282,1283,0
1283,1284,1
1284,1285,1
1285,1286,0
1286,1287,0
1287,1288,1
1288,1289,0
1289,1290,0
1290,1291,1
1291,1292,1
1292,1293,1
1293,1294,1
1294,1295,1
1295,1296,1
1296,1297,1
1297,1298,0
1298,1299,0
1299,1300,0
1300,1301,0
1301,1302,0
1302,1303,1
1303,1304,0
1304,1305,1
1305,1306,1
1306,1307,1
1307,1308,1
1308,1309,0
1309,1310,0
1310,1311,1
1311,1312,1
1312,1313,0
1313,1314,0
1314,1315,0
1315,1316,0
1316,1317,0
1317,1318,0
1318,1319,1
1319,1320,1
1320,1321,1
1321,1322,1
1322,1323,0
1323,1324,1
1324,1325,0
1325,1326,1
1326,1327,1
1327,1328,1
1328,1329,0
1329,1330,0
1330,1331,1
1331,1332,1
1332,1333,1
1333,1334,0
1334,1335,0
1335,1336,0
1336,1337,1
1337,1338,1
1338,1339,1
1339,1340,1
1340,1341,0
1341,1342,1
1342,1343,0
1343,1344,0
1344,1345,0
1345,1346,0
1346,1347,1
1347,1348,1
1348,1349,1
1349,1350,1
1350,1351,0
1351,1352,1
1352,1353,0
1353,1354,0
1354,1355,1
1355,1356,1
1356,1357,1
1357,1358,0
1358,1359,1
1359,1360,1
1360,1361,1
1361,1362,0
1362,1363,1
1363,1364,1
1364,1365,1
1365,1366,0
1366,1367,1
1367,1368,1
1368,1369,1
1369,1370,1
1370,1371,1
1371,1372,0
1372,1373,1
1373,1374,0
1374,1375,1
1375,1376,0
1376,1377,1
1377,1378,0
1378,1379,1
1379,1380,0
1380,1381,1
1381,1382,0
1382,1383,0
1383,1384,0
1384,1385,1
1385,1386,0
1386,1387,1
1387,1388,0
1388,1389,1
1389,1390,1
1390,1391,0
1391,1392,0
1392,1393,0
1393,1394,0
1394,1395,0
1395,1396,1
1396,1397,0
1397,1398,1
1398,1399,0
1399,1400,1
1400,1401,1
1401,1402,0
1402,1403,0
1403,1404,0
1404,1405,0
1405,1406,1
1406,1407,1
1407,1408,0
1408,1409,0
1409,1410,0
1410,1411,1
1411,1412,0
1412,1413,0
1413,1414,1
1414,1415,0
1415,1416,0
1416,1417,0
1417,1418,1
1418,1419,0
1419,1420,0
1420,1421,0
1421,1422,1
1422,1423,0
1423,1424,1
1424,1425,0
1425,1426,1
1426,1427,0
1427,1428,0
1428,1429,1
1429,1430,0
1430,1431,0
1431,1432,1
1432,1433,1
1433,1434,1
1434,1435,1
1435,1436,0
1436,1437,0
1437,1438,0
1438,1439,1
1439,1440,1
1440,1441,1
1441,1442,0
1442,1443,1
1443,1444,1
1444,1445,0
1445,1446,1
1446,1447,1
1447,1448,1
1448,1449,1
1449,1450,0
1450,1451,1
1451,1452,0
1452,1453,1
1453,1454,0
1454,1455,0
1455,1456,1
1456,1457,1
1457,1458,1
1458,1459,1
1459,1460,1
1460,1461,0
1461,1462,0
1462,1463,1
1463,1464,0
1464,1465,0
1465,1466,0
1466,1467,1
1467,1468,0
1468,1469,1
1469,1470,1
1470,1471,0
1471,1472,0
1472,1473,0
1473,1474,0
1474,1475,1
1475,1476,0
1476,1477,1
1477,1478,0
1478,1479,1
1479,1480,0
1480,1481,1
1481,1482,1
1482,1483,0
1483,1484,0
1484,1485,0
1485,1486,0
1486,1487,0
1487,1488,0
1488,1489,1
1489,1490,1
1490,1491,0
1491,1492,1
1492,1493,1
1493,1494,1
1494,1495,0
1495,1496,0
1496,1497,0
1497,1498,1
1498,1499,1
1499,1500,1
1500,1501,0
1501,1502,1
1502,1503,0
1503,1504,1
1504,1505,0
1505,1506,1
1506,1507,0
1507,1508,1
1508,1509,1
1509,1510,1
1510,1511,0
1511,1512,1
1512,1513,1
1513,1514,1
1514,1515,0
1515,1516,1
1516,1517,0
1517,1518,0
1518,1519,1
1519,1520,1
1520,1521,0
1521,1522,0
1522,1523,0
1523,1524,0
1524,1525,0
1525,1526,1
1526,1527,1
1527,1528,0
1528,1529,1
1529,1530,0
1530,1531,1
1531,1532,1
1532,1533,0
1533,1534,1
1534,1535,0
1535,1536,1
1536,1537,0
1537,1538,1
1538,1539,1
1539,1540,1
1540,1541,1
1541,1542,1
1542,1543,0
1543,1544,1
1544,1545,1
1545,1546,1
1546,1547,0
1547,1548,1
1548,1549,1
1549,1550,0
1550,1551,1
1551,1552,0
1552,1553,0
1553,1554,1
1554,1555,1
1555,1556,1
1556,1557,1
1557,1558,0
1558,1559,0
1559,1560,1
1560,1561,1
1561,1562,0
1562,1563,1
1563,1564,0
1564,1565,1
1565,1566,1
1566,1567,1
1567,1568,0
1568,1569,0
1569,1570,0
1570,1571,1
1571,1572,1
1572,1573,1
1573,1574,1
1574,1575,0
1575,1576,0
1576,1577,0
1577,1578,0
1578,1579,0
1579,1580,1
1580,1581,1
1581,1582,1
1582,1583,1
1583,1584,1
1584,1585,1
1585,1586,0
1586,1587,1
1587,1588,0
1588,1589,0
1589,1590,1
1590,1591,1
1591,1592,1
1592,1593,0
1593,1594,0
1594,1595,1
1595,1596,1
1596,1597,1
1597,1598,1
1598,1599,1
1599,1600,0
1600,1601,0
1601,1602,0
1602,1603,0
1603,1604,1
1604,1605,1
1605,1606,0
1606,1607,0
1607,1608,1
1608,1609,0
1609,1610,0
1610,1611,1
1611,1612,0
1612,1613,0
1613,1614,1
1614,1615,1
1615,1616,0
1616,1617,1
1617,1618,1
1618,1619,0
1619,1620,0
1620,1621,0
1621,1622,0
1622,1623,0
1623,1624,0
1624,1625,1
1625,1626,1
1626,1627,0
1627,1628,0
1628,1629,1
1629,1630,0
1630,1631,1
1631,1632,0
1632,1633,0
1633,1634,0
1634,1635,1
1635,1636,0
1636,1637,0
1637,1638,0
1638,1639,1
1639,1640,1
1640,1641,0
1641,1642,1
1642,1643,1
1643,1644,0
1644,1645,1
1645,1646,0
1646,1647,1
1647,1648,0
1648,1649,1
1649,1650,1
1650,1651,0
1651,1652,0
1652,1653,1
1653,1654,1
1654,1655,0
1655,1656,1
1656,1657,0
1657,1658,0
1658,1659,0
1659,1660,0
1660,1661,1
1661,1662,0
1662,1663,1
1663,1664,0
1664,1665,0
1665,1666,1
1666,1667,1
1667,1668,1
1668,1669,0
1669,1670,0
1670,1671,1
1671,1672,0
1672,1673,0
1673,1674,1
1674,1675,0
1675,1676,0
1676,1677,1
1677,1678,1
1678,1679,1
1679,1680,1
1680,1681,0
1681,1682,1
1682,1683,1
1683,1684,0
1684,1685,1
1685,1686,0
1686,1687,0
1687,1688,0
1688,1689,0
1689,1690,0
1690,1691,0
1691,1692,0
1692,1693,0
1693,1694,1
1694,1695,1
1695,1696,0
1696,1697,0
1697,1698,1
1698,1699,1
1699,1700,0
1700,1701,0
1701,1702,0
1702,1703,1
1703,1704,1
1704,1705,1
1705,1706,1
1706,1707,0
1707,1708,1
1708,1709,0
1709,1710,0
1710,1711,0
1711,1712,1
1712,1713,0
1713,1714,0
1714,1715,1
1715,1716,1
1716,1717,1
1717,1718,0
1718,1719,1
1719,1720,0
1720,1721,1
1721,1722,0
1722,1723,1
1723,1724,1
1724,1725,1
1725,1726,0
1726,1727,1
1727,1728,0
1728,1729,0
1729,1730,1
1730,1731,1
1731,1732,0
1732,1733,0
1733,1734,1
1734,1735,1
1735,1736,1
1736,1737,0
1737,1738,1
1738,1739,0
1739,1740,0
1740,1741,1
1741,1742,1
1742,1743,0
1743,1744,1
1744,1745,1
1745,1746,1
1746,1747,0
1747,1748,0
1748,1749,0
1749,1750,1
1750,1751,0
1751,1752,0
1752,1753,1
1753,1754,1
1754,1755,1
1755,1756,1
1756,1757,1
1757,1758,1
1758,1759,0
1759,1760,1
1760,1761,1
1761,1762,1
1762,1763,1
1763,1764,0
1764,1765,0
1765,1766,1
1766,1767,0
1767,1768,0
1768,1769,1
1769,1770,1
1770,1771,0
1771,1772,0
1772,1773,0
1773,1774,1
1774,1775,0
1775,1776,0
1776,1777,1
1777,1778,1
1778,1779,1
1779,1780,1
1780,1781,1
1781,1782,1
1782,1783,1
1783,1784,1
1784,1785,1
1785,1786,0
1786,1787,1
1787,1788,0
1788,1789,0
1789,1790,0
1790,1791,1
1791,1792,1
1792,1793,1
1793,1794,1
1794,1795,0
1795,1796,1
1796,1797,1
1797,1798,0
1798,1799,1
1799,1800,1
1800,1801,1
1801,1802,0
1802,1803,0
1803,1804,1
1804,1805,0
1805,1806,0
1806,1807,1
1807,1808,0
1808,1809,0
1809,1810,0
1810,1811,1
1811,1812,0
1812,1813,1
1813,1814,1
1814,1815,1
1815,1816,0
1816,1817,1
1817,1818,0
1818,1819,0
1819,1820,0
1820,1821,1
1821,1822,0
1822,1823,1
1823,1824,0
1824,1825,0
1825,1826,1
1826,1827,1
1827,1828,0
1828,1829,1
1829,1830,1
1830,1831,0
1831,1832,1
1832,1833,1
1833,1834,1
1834,1835,1
1835,1836,0
1836,1837,0
1837,1838,1
1838,1839,1
1839,1840,0
1840,1841,0
1841,1842,0
1842,1843,1
1843,1844,0
1844,1845,1
1845,1846,1
1846,1847,1
1847,1848,1
1848,1849,1
1849,1850,0
1850,1851,0
1851,1852,1
1852,1853,1
1853,1854,0
1854,1855,0
1855,1856,1
1856,1857,1
1857,1858,1
1858,1859,1
1859,1860,1
1860,1861,1
1861,1862,0
1862,1863,0
1863,1864,0
1864,1865,0
1865,1866,0
1866,1867,1
1867,1868,1
1868,1869,0
1869,1870,0
1870,1871,0
1871,1872,1
1872,1873,1
1873,1874,1
1874,1875,0
1875,1876,0
1876,1877,0
1877,1878,1
1878,1879,0
1879,1880,1
1880,1881,1
1881,1882,0
1882,1883,1
1883,1884,1
1884,1885,0
1885,1886,0
1886,1887,0
1887,1888,0
1888,1889,1
1889,1890,0
1890,1891,0
1891,1892,0
1892,1893,0
1893,1894,0
1894,1895,0
1895,1896,0
1896,1897,0
1897,1898,1
1898,1899,0
1899,1900,0
1900,1901,1
1901,1902,0
1902,1903,0
1903,1904,0
1904,1905,0
1905,1906,1
1906,1907,0
1907,1908,0
1908,1909,1
1909,1910,0
1910,1911,1
1911,1912,0
1912,1913,0
1913,1914,1
1914,1915,0
1915,1916,0
1916,1917,0
1917,1918,1
1918,1919,0
1919,1920,0
1920,1921,0
1921,1922,1
1922,1923,0
1923,1924,1
1924,1925,1
1925,1926,1
1926,1927,1
1927,1928,0
1928,1929,0
1929,1930,0
1930,1931,1
1931,1932,0
1932,1933,0
1933,1934,0
1934,1935,1
1935,1936,0
1936,1937,1
1937,1938,1
1938,1939,1
1939,1940,0
1940,1941,1
1941,1942,1
1942,1943,1
1943,1944,1
1944,1945,1
1945,1946,1
1946,1947,1
1947,1948,1
1948,1949,1
1949,1950,1
1950,1951,1
1951,1952,0
1952,1953,1
1953,1954,1
1954,1955,1
1955,1956,1
1956,1957,0
1957,1958,0
1958,1959,0
1959,1960,1
1960,1961,0
1961,1962,0
1962,1963,0
1963,1964,1
1964,1965,0
1965,1966,1
1966,1967,1
1967,1968,1
1968,1969,1
1969,1970,0
1970,1971,1
1971,1972,0
1972,1973,1
1973,1974,0
1974,1975,1
1975,1976,1
1976,1977,0
1977,1978,0
1978,1979,1
1979,1980,0
1980,1981,0
1981,1982,0
1982,1983,0
1983,1984,0
1984,1985,0
1985,1986,1
1986,1987,0
1987,1988,0
1988,1989,0
1989,1990,0
1990,1991,0
1991,1992,1
1992,1993,0
1993,1994,1
1994,1995,0
1995,1996,1
1996,1997,1
1997,1998,1
1998,1999,1
1999,2000,1
2000,2001,0
2001,2002,1
2002,2003,1
2003,2004,0
2004,2005,1
2005,2006,0
2006,2007,1
2007,2008,1
2008,2009,1
2009,2010,1
2010,2011,0
2011,2012,1
2012,2013,0
2013,2014,1
2014,2015,1
2015,2016,0
2016,2017,0
2017,2018,1
2018,2019,1
2019,2020,1
2020,2021,0
2021,2022,0
2022,2023,1
2023,2024,0
2024,2025,1
2025,2026,0
2026,2027,1
2027,2028,0
2028,2029,0
2029,2030,0
2030,2031,0
2031,2032,0
2032,2033,1
2033,2034,1
2034,2035,0
2035,2036,1
2036,2037,0
2037,2038,1
2038,2039,1
2039,2040,0
2040,2041,0
2041,2042,1
2042,2043,0
2043,2044,0
2044,2045,0
2045,2046,0
2046,2047,0
2047,2048,0
2048,2049,0
2049,2050,1
2050,2051,0
2051,2052,0
2052,2053,1
2053,2054,1
2054,2055,0
2055,2056,0
2056,2057,0
2057,2058,0
2058,2059,0
2059,2060,0
2060,2061,1
2061,2062,1
2062,2063,1
2063,2064,0
2064,2065,1
2065,2066,1
2066,2067,1
2067,2068,1
2068,2069,0
2069,2070,0
2070,2071,0
2071,2072,1
2072,2073,0
2073,2074,1
2074,2075,0
2075,2076,1
2076,2077,0
2077,2078,1
2078,2079,1
2079,2080,0
2080,2081,0
2081,2082,1
2082,2083,0
2083,2084,1
2084,2085,0
2085,2086,1
2086,2087,0
2087,2088,1
2088,2089,0
2089,2090,1
2090,2091,0
2091,2092,0
2092,2093,0
2093,2094,0
2094,2095,1
2095,2096,1
2096,2097,0
2097,2098,0
2098,2099,0
2099,2100,1
2100,2101,0
2101,2102,1
2102,2103,0
2103,2104,0
2104,2105,0
2105,2106,1
2106,2107,0
2107,2108,0
2108,2109,0
2109,2110,1
2110,2111,1
2111,2112,1
2112,2113,1
2113,2114,0
2114,2115,0
2115,2116,0
2116,2117,0
2117,2118,1
2118,2119,0
2119,2120,1
2120,2121,0
2121,2122,0
2122,2123,1
2123,2124,1
2124,2125,0
2125,2126,0
2126,2127,0
2127,2128,0
2128,2129,1
2129,2130,0
2130,2131,1
2131,2132,1
2132,2133,0
2133,2134,0
2134,2135,1
2135,2136,1
2136,2137,0
2137,2138,1
2138,2139,1
2139,2140,0
2140,2141,0
2141,2142,1
2142,2143,1
2143,2144,0
2144,2145,1
2145,2146,1
2146,2147,1
2147,2148,0
2148,2149,0
2149,2150,0
2150,2151,1
2151,2152,0
2152,2153,0
2153,2154,0
2154,2155,0
2155,2156,1
2156,2157,0
2157,2158,0
2158,2159,0
2159,2160,0
2160,2161,0
2161,2162,0
2162,2163,1
2163,2164,1
2164,2165,0
2165,2166,0
2166,2167,0
2167,2168,0
2168,2169,1
2169,2170,0
2170,2171,0
2171,2172,0
2172,2173,0
2173,2174,1
2174,2175,1
2175,2176,1
2176,2177,1
2177,2178,1
2178,2179,0
2179,2180,1
2180,2181,1
2181,2182,0
2182,2183,1
2183,2184,1
2184,2185,1
2185,2186,1
2186,2187,0
2187,2188,1
2188,2189,1
2189,2190,1
2190,2191,1
2191,2192,1
2192,2193,1
2193,2194,1
2194,2195,1
2195,2196,0
2196,2197,1
2197,2198,1
2198,2199,1
2199,2200,1
2200,2201,0
2201,2202,0
2202,2203,0
2203,2204,0
2204,2205,0
2205,2206,1
2206,2207,0
2207,2208,1
2208,2209,1
2209,2210,1
2210,2211,0
2211,2212,1
2212,2213,0
2213,2214,0
2214,2215,1
2215,2216,0
2216,2217,1
2217,2218,1
2218,2219,0
2219,2220,1
2220,2221,0
2221,2222,0
2222,2223,1
2223,2224,0
2224,2225,1
2225,2226,1
2226,2227,0
2227,2228,1
2228,2229,0
2229,2230,0
2230,2231,0
2231,2232,1
2232,2233,1
2233,2234,1
2234,2235,1
2235,2236,1
2236,2237,0
2237,2238,0
2238,2239,1
2239,2240,0
2240,2241,0
2241,2242,1
2242,2243,1
2243,2244,0
2244,2245,0
2245,2246,0
2246,2247,0
2247,2248,1
2248,2249,1
2249,2250,1
2250,2251,0
2251,2252,0
2252,2253,0
2253,2254,0
2254,2255,0
2255,2256,0
2256,2257,0
2257,2258,1
2258,2259,1
2259,2260,0
2260,2261,1
2261,2262,1
2262,2263,1
2263,2264,0
2264,2265,1
2265,2266,0
2266,2267,1
2267,2268,1
2268,2269,1
2269,2270,1
2270,2271,0
2271,2272,0
2272,2273,0
2273,2274,1
2274,2275,1
2275,2276,0
2276,2277,0
2277,2278,1
2278,2279,0
2279,2280,1
2280,2281,1
2281,2282,0
2282,2283,0
2283,2284,1
2284,2285,1
2285,2286,1
2286,2287,1
2287,2288,0
2288,2289,0
2289,2290,0
2290,2291,1
2291,2292,1
2292,2293,1
2293,2294,0
2294,2295,0
2295,2296,0
2296,2297,0
2297,2298,0
2298,2299,0
2299,2300,1
2300,2301,0
2301,2302,0
2302,2303,0
2303,2304,1
2304,2305,1
2305,2306,1
2306,2307,0
2307,2308,0
2308,2309,1
2309,2310,0
2310,2311,1
2311,2312,0
2312,2313,1
2313,2314,1
2314,2315,1
2315,2316,0
2316,2317,0
2317,2318,0
2318,2319,0
2319,2320,0
2320,2321,0
2321,2322,1
2322,2323,1
2323,2324,1
2324,2325,1
2325,2326,1
2326,2327,1
2327,2328,0
2328,2329,1
2329,2330,1
2330,2331,1
2331,2332,1
2332,2333,0
2333,2334,0
2334,2335,0
2335,2336,0
2336,2337,1
2337,2338,1
2338,2339,0
2339,2340,1
2340,2341,1
2341,2342,0
2342,2343,1
2343,2344,1
2344,2345,0
2345,2346,0
2346,2347,0
2347,2348,1
2348,2349,1
2349,2350,1
2350,2351,0
2351,2352,0
2352,2353,0
2353,2354,0
2354,2355,1
2355,2356,0
2356,2357,0
2357,2358,1
2358,2359,0
2359,2360,1
2360,2361,0
2361,2362,0
2362,2363,1
2363,2364,1
2364,2365,1
2365,2366,1
2366,2367,1
2367,2368,0
2368,2369,1
2369,2370,0
2370,2371,1
2371,2372,1
2372,2373,1
2373,2374,0
2374,2375,0
2375,2376,1
2376,2377,1
2377,2378,1
2378,2379,0
2379,2380,1
2380,2381,1
2381,2382,1
2382,2383,0
2383,2384,0
2384,2385,1
2385,2386,0
2386,2387,0
2387,2388,1
2388,2389,1
2389,2390,0
2390,2391,0
2391,2392,1
2392,2393,1
2393,2394,1
2394,2395,1
2395,2396,0
2396,2397,0
2397,2398,1
2398,2399,0
2399,2400,1
2400,2401,0
2401,2402,0
2402,2403,1
2403,2404,0
2404,2405,1
2405,2406,0
2406,2407,1
2407,2408,1
2408,2409,0
2409,2410,1
2410,2411,1
2411,2412,1
2412,2413,1
2413,2414,0
2414,2415,1
2415,2416,0
2416,2417,1
2417,2418,0
2418,2419,1
2419,2420,0
2420,2421,0
2421,2422,0
2422,2423,1
2423,2424,0
2424,2425,1
2425,2426,1
2426,2427,1
2427,2428,0
2428,2429,1
2429,2430,1
2430,2431,1
2431,2432,1
2432,2433,0
2433,2434,1
2434,2435,1
2435,2436,1
2436,2437,1
2437,2438,0
2438,2439,1
2439,2440,0
2440,2441,0
2441,2442,0
2442,2443,0
2443,2444,1
2444,2445,1
2445,2446,1
2446,2447,1
2447,2448,1
2448,2449,0
2449,2450,0
2450,2451,0
2451,2452,1
2452,2453,1
2453,2454,1
2454,2455,1
2455,2456,0
2456,2457,0
2457,2458,1
2458,2459,0
2459,2460,1
2460,2461,1
2461,2462,1
2462,2463,0
2463,2464,1
2464,2465,1
2465,2466,0
2466,2467,1
2467,2468,1
2468,2469,0
2469,2470,1
2470,2471,1
2471,2472,1
2472,2473,0
2473,2474,0
2474,2475,1
2475,2476,0
2476,2477,0
2477,2478,1
2478,2479,0
2479,2480,0
2480,2481,0
2481,2482,0
2482,2483,1
2483,2484,1
2484,2485,0
2485,2486,0
2486,2487,1
2487,2488,0
2488,2489,0
2489,2490,1
2490,2491,1
2491,2492,1
2492,2493,1
2493,2494,1
2494,2495,1
2495,2496,1
2496,2497,1
2497,2498,0
2498,2499,1
2499,2500,0
2500,2501,1
2501,2502,1
2502,2503,0
2503,2504,0
2504,2505,0
2505,2506,0
2506,2507,1
2507,2508,1
2508,2509,0
2509,2510,0
2510,2511,0
2511,2512,0
2512,2513,1
2513,2514,0
2514,2515,1
2515,2516,0
2516,2517,0
2517,2518,1
2518,2519,0
2519,2520,1
2520,2521,1
2521,2522,0
2522,2523,1
2523,2524,0
2524,2525,0
2525,2526,0
2526,2527,1
2527,2528,1
2528,2529,0
2529,2530,1
2530,2531,0
2531,2532,0
2532,2533,0
2533,2534,0
2534,2535,0
2535,2536,0
2536,2537,1
2537,2538,0
2538,2539,0
2539,2540,1
2540,2541,0
2541,2542,1
2542,2543,0
2543,2544,0
2544,2545,1
2545,2546,0
2546,2547,1
2547,2548,1
2548,2549,1
2549,2550,1
2550,2551,1
2551,2552,0
2552,2553,1
2553,2554,0
2554,2555,0
2555,2556,1
2556,2557,0
2557,2558,0
2558,2559,1
2559,2560,0
2560,2561,0
2561,2562,0
2562,2563,1
2563,2564,1
2564,2565,1
2565,2566,0
2566,2567,1
2567,2568,1
2568,2569,1
2569,2570,1
2570,2571,1
2571,2572,1
2572,2573,1
2573,2574,0
2574,2575,0
2575,2576,1
2576,2577,1
2577,2578,0
2578,2579,0
2579,2580,1
2580,2581,1
2581,2582,1
2582,2583,1
2583,2584,0
2584,2585,1
2585,2586,1
2586,2587,0
2587,2588,0
2588,2589,1
2589,2590,1
2590,2591,0
2591,2592,1
2592,2593,0
2593,2594,0
2594,2595,0
2595,2596,1
2596,2597,0
2597,2598,1
2598,2599,0
2599,2600,1
2600,2601,1
2601,2602,1
2602,2603,0
2603,2604,0
2604,2605,1
2605,2606,0
2606,2607,1
2607,2608,1
2608,2609,0
2609,2610,1
2610,2611,0
2611,2612,1
2612,2613,0
2613,2614,1
2614,2615,1
2615,2616,0
2616,2617,0
2617,2618,1
2618,2619,1
2619,2620,1
2620,2621,0
2621,2622,0
2622,2623,1
2623,2624,0
2624,2625,0
2625,2626,1
2626,2627,0
2627,2628,0
2628,2629,0
2629,2630,0
2630,2631,0
2631,2632,1
2632,2633,1
2633,2634,1
2634,2635,0
2635,2636,1
2636,2637,0
2637,2638,0
2638,2639,0
2639,2640,1
2640,2641,1
2641,2642,0
2642,2643,1
2643,2644,0
2644,2645,0
2645,2646,1
2646,2647,1
2647,2648,0
2648,2649,0
2649,2650,0
2650,2651,0
2651,2652,1
2652,2653,0
2653,2654,0
2654,2655,1
2655,2656,1
2656,2657,0
2657,2658,0
2658,2659,1
2659,2660,0
2660,2661,0
2661,2662,0
2662,2663,0
2663,2664,0
2664,2665,1
2665,2666,1
2666,2667,0
2667,2668,1
2668,2669,1
2669,2670,1
2670,2671,0
2671,2672,1
2672,2673,1
2673,2674,0
2674,2675,0
2675,2676,1
2676,2677,0
2677,2678,1
2678,2679,0
2679,2680,1
2680,2681,0
2681,2682,1
2682,2683,1
2683,2684,1
2684,2685,1
2685,2686,1
2686,2687,0
2687,2688,1
2688,2689,1
2689,2690,0
2690,2691,0
2691,2692,1
2692,2693,0
2693,2694,0
2694,2695,1
2695,2696,1
2696,2697,1
2697,2698,1
2698,2699,1
2699,2700,0
2700,2701,0
2701,2702,1
2702,2703,0
2703,2704,0
2704,2705,0
2705,2706,1
2706,2707,1
2707,2708,0
2708,2709,0
2709,2710,1
2710,2711,0
2711,2712,0
2712,2713,1
2713,2714,0
2714,2715,1
2715,2716,1
2716,2717,0
2717,2718,0
2718,2719,1
2719,2720,1
2720,2721,1
2721,2722,0
2722,2723,1
2723,2724,0
2724,2725,0
2725,2726,0
2726,2727,0
2727,2728,0
2728,2729,1
2729,2730,0
2730,2731,0
2731,2732,1
2732,2733,0
2733,2734,0
2734,2735,1
2735,2736,0
2736,2737,0
2737,2738,1
2738,2739,1
2739,2740,1
2740,2741,0
2741,2742,1
2742,2743,1
2743,2744,1
2744,2745,1
2745,2746,1
2746,2747,1
2747,2748,1
2748,2749,1
2749,2750,1
2750,2751,0
2751,2752,0
2752,2753,1
2753,2754,1
2754,2755,0
2755,2756,0
2756,2757,1
2757,2758,0
2758,2759,1
2759,2760,1
2760,2761,0
2761,2762,1
2762,2763,0
2763,2764,0
2764,2765,0
2765,2766,1
2766,2767,1
2767,2768,0
2768,2769,0
2769,2770,0
2770,2771,0
2771,2772,0
2772,2773,1
2773,2774,1
2774,2775,0
2775,2776,1
2776,2777,0
2777,2778,0
2778,2779,1
2779,2780,0
2780,2781,1
2781,2782,1
2782,2783,1
2783,2784,0
2784,2785,0
2785,2786,0
2786,2787,1
2787,2788,0
2788,2789,0
2789,2790,0
2790,2791,0
2791,2792,1
2792,2793,0
2793,2794,0
2794,2795,0
2795,2796,1
2796,2797,0
2797,2798,1
2798,2799,1
2799,2800,0
2800,2801,1
2801,2802,0
2802,2803,0
2803,2804,1
2804,2805,1
2805,2806,1
2806,2807,1
2807,2808,1
2808,2809,1
2809,2810,0
2810,2811,1
2811,2812,1
2812,2813,0
2813,2814,0
2814,2815,1
2815,2816,1
2816,2817,0
2817,2818,1
2818,2819,1
2819,2820,1
2820,2821,0
2821,2822,0
2822,2823,1
2823,2824,1
2824,2825,0
2825,2826,1
2826,2827,0
2827,2828,1
2828,2829,0
2829,2830,0
2830,2831,0
2831,2832,0
2832,2833,0
2833,2834,0
2834,2835,0
2835,2836,1
2836,2837,0
2837,2838,0
2838,2839,1
2839,2840,0
2840,2841,1
2841,2842,1
2842,2843,0
2843,2844,0
2844,2845,0
2845,2846,1
2846,2847,0
2847,2848,1
2848,2849,1
2849,2850,0
2850,2851,1
2851,2852,0
2852,2853,0
2853,2854,0
2854,2855,1
2855,2856,1
2856,2857,1
2857,2858,1
2858,2859,1
2859,2860,0
2860,2861,1
2861,2862,1
2862,2863,1
2863,2864,0
2864,2865,0
2865,2866,0
2866,2867,0
2867,2868,0
2868,2869,1
2869,2870,1
2870,2871,0
2871,2872,1
2872,2873,0
2873,2874,0
2874,2875,1
2875,2876,0
2876,2877,0
2877,2878,1
2878,2879,0
2879,2880,1
2880,2881,1
2881,2882,1
2882,2883,1
2883,2884,1
2884,2885,0
2885,2886,1
2886,2887,1
2887,2888,0
2888,2889,0
2889,2890,0
2890,2891,0
2891,2892,0
2892,2893,0
2893,2894,1
2894,2895,1
2895,2896,0
2896,2897,0
2897,2898,0
2898,2899,0
2899,2900,0
2900,2901,0
2901,2902,0
2902,2903,0
2903,2904,1
2904,2905,1
2905,2906,1
2906,2907,1
2907,2908,0
2908,2909,0
2909,2910,1
2910,2911,0
2911,2912,1
2912,2913,0
2913,2914,1
2914,2915,0
2915,2916,1
2916,2917,0
2917,2918,1
2918,2919,1
2919,2920,0
2920,2921,0
2921,2922,0
2922,2923,0
2923,2924,0
2924,2925,1
2925,2926,1
2926,2927,1
2927,2928,1
2928,2929,1
2929,2930,0
2930,2931,1
2931,2932,1
2932,2933,1
2933,2934,0
2934,2935,0
2935,2936,1
2936,2937,0
2937,2938,0
2938,2939,0
2939,2940,1
2940,2941,0
2941,2942,1
2942,2943,1
2943,2944,1
2944,2945,1
2945,2946,0
2946,2947,1
2947,2948,1
2948,2949,0
2949,2950,0
2950,2951,1
2951,2952,1
2952,2953,0
2953,2954,0
2954,2955,0
2955,2956,0
2956,2957,0
2957,2958,0
2958,2959,0
2959,2960,1
2960,2961,1
2961,2962,1
2962,2963,0
2963,2964,0
2964,2965,1
2965,2966,1
2966,2967,0
2967,2968,1
2968,2969,0
2969,2970,0
2970,2971,1
2971,2972,0
2972,2973,1
2973,2974,0
2974,2975,0
2975,2976,1
2976,2977,1
2977,2978,1
2978,2979,1
2979,2980,0
2980,2981,1
2981,2982,0
2982,2983,0
2983,2984,0
2984,2985,0
2985,2986,1
2986,2987,0
2987,2988,1
2988,2989,0
2989,2990,0
2990,2991,0
2991,2992,1
2992,2993,1
2993,2994,0
2994,2995,1
2995,2996,0
2996,2997,0
2997,2998,0
2998,2999,0
2999,3000,1
3000,3001,1
3001,3002,0
3002,3003,1
3003,3004,0
3004,3005,1
3005,3006,0
3006,3007,0
3007,3008,1
3008,3009,1
3009,3010,0
3010,3011,1
3011,3012,1
3012,3013,0
3013,3014,0
3014,3015,0
3015,3016,0
3016,3017,0
3017,3018,0
3018,3019,1
3019,3020,0
3020,3021,0
3021,3022,1
3022,3023,0
3023,3024,0
3024,3025,1
3025,3026,0
3026,3027,1
3027,3028,0
3028,3029,0
3029,3030,0
3030,3031,1
3031,3032,1
3032,3033,0
3033,3034,0
3034,3035,0
3035,3036,0
3036,3037,1
3037,3038,0
3038,3039,0
3039,3040,0
3040,3041,1
3041,3042,1
3042,3043,0
3043,3044,1
3044,3045,1
3045,3046,0
3046,3047,0
3047,3048,1
3048,3049,0
3049,3050,1
3050,3051,1
3051,3052,1
3052,3053,1
3053,3054,0
3054,3055,0
3055,3056,0
3056,3057,0
3057,3058,1
3058,3059,0
3059,3060,1
3060,3061,0
3061,3062,0
3062,3063,0
3063,3064,0
3064,3065,0
3065,3066,0
3066,3067,0
3067,3068,0
3068,3069,1
3069,3070,1
3070,3071,0
3071,3072,1
3072,3073,0
3073,3074,0
3074,3075,1
3075,3076,1
3076,3077,1
3077,3078,0
3078,3079,1
3079,3080,1
3080,3081,0
3081,3082,1
3082,3083,1
3083,3084,1
3084,3085,0
3085,3086,1
3086,3087,0
3087,3088,0
3088,3089,0
3089,3090,1
3090,3091,0
3091,3092,1
3092,3093,1
3093,3094,0
3094,3095,0
3095,3096,0
3096,3097,0
3097,3098,0
3098,3099,1
3099,3100,0
3100,3101,1
3101,3102,0
3102,3103,0
3103,3104,1
3104,3105,1
3105,3106,1
3106,3107,1
3107,3108,0
3108,3109,0
3109,3110,1
3110,3111,1
3111,3112,1
3112,3113,0
3113,3114,1
3114,3115,1
3115,3116,1
3116,3117,1
3117,3118,1
3118,3119,1
3119,3120,1
3120,3121,0
3121,3122,0
3122,3123,0
3123,3124,1
3124,3125,1
3125,3126,0
3126,3127,0
3127,3128,0
3128,3129,1
3129,3130,1
3130,3131,1
3131,3132,0
3132,3133,1
3133,3134,1
3134,3135,1
3135,3136,1
3136,3137,1
3137,3138,1
3138,3139,1
3139,3140,1
3140,3141,0
3141,3142,1
3142,3143,1
3143,3144,1
3144,3145,0
3145,3146,0
3146,3147,0
3147,3148,0
3148,3149,1
3149,3150,1
3150,3151,0
3151,3152,1
3152,3153,0
3153,3154,0
3154,3155,1
3155,3156,0
3156,3157,0
3157,3158,1
3158,3159,0
3159,3160,1
3160,3161,0
3161,3162,1
3162,3163,1
3163,3164,0
3164,3165,1
3165,3166,0
3166,3167,0
3167,3168,1
3168,3169,1
3169,3170,0
3170,3171,1
3171,3172,0
3172,3173,0
3173,3174,1
3174,3175,0
3175,3176,0
3176,3177,1
3177,3178,0
3178,3179,1
3179,3180,1
3180,3181,0
3181,3182,1
3182,3183,1
3183,3184,1
3184,3185,1
3185,3186,0
3186,3187,0
3187,3188,0
3188,3189,1
3189,3190,1
3190,3191,0
3191,3192,1
3192,3193,0
3193,3194,1
3194,3195,0
3195,3196,0
3196,3197,0
3197,3198,1
3198,3199,1
3199,3200,0
3200,3201,1
3201,3202,1
3202,3203,0
3203,3204,1
3204,3205,1
3205,3206,0
3206,3207,0
3207,3208,0
3208,3209,1
3209,3210,0
3210,3211,1
3211,3212,0
3212,3213,0
3213,3214,0
3214,3215,0
3215,3216,0
3216,3217,1
3217,3218,0
3218,3219,0
3219,3220,1
3220,3221,0
3221,3222,0
3222,3223,1
3223,3224,1
3224,3225,1
3225,3226,1
3226,3227,1
3227,3228,1
3228,3229,1
3229,3230,0
3230,3231,1
3231,3232,1
3232,3233,1
3233,3234,0
3234,3235,1
3235,3236,1
3236,3237,0
3237,3238,0
3238,3239,0
3239,3240,1
3240,3241,1
3241,3242,1
3242,3243,0
3243,3244,1
3244,3245,0
3245,3246,1
3246,3247,0
3247,3248,1
3248,3249,1
3249,3250,0
3250,3251,1
3251,3252,1
3252,3253,0
3253,3254,0
3254,3255,0
3255,3256,0
3256,3257,1
3257,3258,0
3258,3259,0
3259,3260,1
3260,3261,0
3261,3262,1
3262,3263,0
3263,3264,1
3264,3265,1
3265,3266,1
3266,3267,1
3267,3268,0
3268,3269,1
3269,3270,1
3270,3271,0
3271,3272,0
3272,3273,1
3273,3274,0
3274,3275,0
3275,3276,0
3276,3277,0
3277,3278,0
3278,3279,1
3279,3280,0
3280,3281,1
3281,3282,0
3282,3283,0
3283,3284,0
3284,3285,0
3285,3286,1
3286,3287,0
3287,3288,0
3288,3289,1
3289,3290,1
3290,3291,0
3291,3292,0
3292,3293,0
3293,3294,1
3294,3295,1
3295,3296,0
3296,3297,0
3297,3298,0
3298,3299,0
3299,3300,1
3300,3301,0
3301,3302,0
3302,3303,0
3303,3304,0
3304,3305,1
3305,3306,1
3306,3307,0
3307,3308,0
3308,3309,0
3309,3310,0
3310,3311,1
3311,3312,0
3312,3313,0
3313,3314,1
3314,3315,0
3315,3316,0
3316,3317,0
3317,3318,0
3318,3319,1
3319,3320,0
3320,3321,1
3321,3322,0
3322,3323,0
3323,3324,0
3324,3325,0
3325,3326,0
3326,3327,1
3327,3328,0
3328,3329,1
3329,3330,0
3330,3331,1
3331,3332,0
3332,3333,1
3333,3334,1
3334,3335,0
3335,3336,1
3336,3337,0
3337,3338,1
3338,3339,0
3339,3340,0
3340,3341,1
3341,3342,1
3342,3343,1
3343,3344,1
3344,3345,0
3345,3346,1
3346,3347,1
3347,3348,1
3348,3349,1
3349,3350,0
3350,3351,0
3351,3352,0
3352,3353,0
3353,3354,0
3354,3355,0
3355,3356,0
3356,3357,0
3357,3358,0
3358,3359,1
3359,3360,0
3360,3361,1
3361,3362,0
3362,3363,1
3363,3364,1
3364,3365,0
3365,3366,1
3366,3367,1
3367,3368,0
3368,3369,1
3369,3370,1
3370,3371,0
3371,3372,0
3372,3373,0
3373,3374,1
3374,3375,1
3375,3376,1
3376,3377,0
3377,3378,0
3378,3379,1
3379,3380,0
3380,3381,0
3381,3382,1
3382,3383,0
3383,3384,1
3384,3385,1
3385,3386,1
3386,3387,1
3387,3388,0
3388,3389,1
3389,3390,0
3390,3391,0
3391,3392,0
3392,3393,0
3393,3394,1
3394,3395,0
3395,3396,1
3396,3397,1
3397,3398,0
3398,3399,0
3399,3400,1
3400,3401,0
3401,3402,0
3402,3403,0
3403,3404,1
3404,3405,1
3405,3406,0
3406,3407,0
3407,3408,0
3408,3409,0
3409,3410,1
3410,3411,0
3411,3412,0
3412,3413,1
3413,3414,1
3414,3415,1
3415,3416,1
3416,3417,0
3417,3418,1
3418,3419,1
3419,3420,0
3420,3421,0
3421,3422,0
3422,3423,0
3423,3424,1
3424,3425,1
3425,3426,1
3426,3427,0
3427,3428,0
3428,3429,0
3429,3430,0
3430,3431,1
3431,3432,0
3432,3433,0
3433,3434,1
3434,3435,1
3435,3436,1
3436,3437,0
3437,3438,1
3438,3439,0
3439,3440,1
3440,3441,1
3441,3442,1
3442,3443,0
3443,3444,0
3444,3445,1
3445,3446,0
3446,3447,0
3447,3448,1
3448,3449,1
3449,3450,1
3450,3451,1
3451,3452,1
3452,3453,0
3453,3454,1
3454,3455,1
3455,3456,1
3456,3457,1
3457,3458,0
3458,3459,1
3459,3460,1
3460,3461,0
3461,3462,1
3462,3463,1
3463,3464,0
3464,3465,0
3465,3466,1
3466,3467,1
3467,3468,0
3468,3469,0
3469,3470,0
3470,3471,1
3471,3472,0
3472,3473,1
3473,3474,0
3474,3475,0
3475,3476,1
3476,3477,1
3477,3478,1
3478,3479,0
3479,3480,1
3480,3481,0
3481,3482,1
3482,3483,0
3483,3484,0
3484,3485,0
3485,3486,1
3486,3487,0
3487,3488,0
3488,3489,0
3489,3490,1
3490,3491,1
3491,3492,0
3492,3493,0
3493,3494,0
3494,3495,1
3495,3496,1
3496,3497,1
3497,3498,0
3498,3499,1
3499,3500,1
3500,3501,1
3501,3502,1
3502,3503,1
3503,3504,1
3504,3505,0
3505,3506,0
3506,3507,1
3507,3508,1
3508,3509,0
3509,3510,0
3510,3511,0
3511,3512,1
3512,3513,1
3513,3514,1
3514,3515,1
3515,3516,0
3516,3517,1
3517,3518,0
3518,3519,0
3519,3520,0
3520,3521,1
3521,3522,0
3522,3523,1
3523,3524,1
3524,3525,0
3525,3526,0
3526,3527,0
3527,3528,0
3528,3529,1
3529,3530,0
3530,3531,0
3531,3532,0
3532,3533,0
3533,3534,0
3534,3535,0
3535,3536,0
3536,3537,0
3537,3538,0
3538,3539,0
3539,3540,0
3540,3541,1
3541,3542,0
3542,3543,0
3543,3544,1
3544,3545,0
3545,3546,0
3546,3547,0
3547,3548,0
3548,3549,1
3549,3550,0
3550,3551,1
3551,3552,1
3552,3553,0
3553,3554,0
3554,3555,0
3555,3556,1
3556,3557,1
3557,3558,0
3558,3559,1
3559,3560,1
3560,3561,1
3561,3562,1
3562,3563,1
3563,3564,0
3564,3565,0
3565,3566,0
3566,3567,0
3567,3568,0
3568,3569,1
3569,3570,1
3570,3571,1
3571,3572,1
3572,3573,0
3573,3574,1
3574,3575,0
3575,3576,1
3576,3577,1
3577,3578,0
3578,3579,1
3579,3580,1
3580,3581,0
3581,3582,0
3582,3583,1
3583,3584,0
3584,3585,1
3585,3586,1
3586,3587,1
3587,3588,0
3588,3589,0
3589,3590,0
3590,3591,1
3591,3592,1
3592,3593,0
3593,3594,1
3594,3595,0
3595,3596,0
3596,3597,1
3597,3598,0
3598,3599,1
3599,3600,0
3600,3601,0
3601,3602,0
3602,3603,0
3603,3604,1
3604,3605,1
3605,3606,0
3606,3607,1
3607,3608,1
3608,3609,0
3609,3610,1
3610,3611,0
3611,3612,1
3612,3613,1
3613,3614,0
3614,3615,0
3615,3616,1
3616,3617,0
3617,3618,1
3618,3619,0
3619,3620,0
3620,3621,1
3621,3622,0
3622,3623,1
3623,3624,0
3624,3625,0
3625,3626,0
3626,3627,0
3627,3628,1
3628,3629,0
3629,3630,0
3630,3631,0
3631,3632,1
3632,3633,1
3633,3634,1
3634,3635,1
3635,3636,0
3636,3637,1
3637,3638,0
3638,3639,1
3639,3640,0
3640,3641,0
3641,3642,0
3642,3643,1
3643,3644,1
3644,3645,0
3645,3646,0
3646,3647,0
3647,3648,1
3648,3649,1
3649,3650,0
3650,3651,0
3651,3652,1
3652,3653,1
3653,3654,0
3654,3655,0
3655,3656,0
3656,3657,1
3657,3658,0
3658,3659,1
3659,3660,1
3660,3661,0
3661,3662,0
3662,3663,1
3663,3664,1
3664,3665,0
3665,3666,1
3666,3667,1
3667,3668,1
3668,3669,0
3669,3670,0
3670,3671,1
3671,3672,0
3672,3673,1
3673,3674,1
3674,3675,1
3675,3676,1
3676,3677,1
3677,3678,1
3678,3679,1
3679,3680,1
3680,3681,1
3681,3682,1
3682,3683,1
3683,3684,0
3684,3685,0
3685,3686,0
3686,3687,1
3687,3688,1
3688,3689,0
3689,3690,1
3690,3691,1
3691,3692,1
3692,3693,0
3693,3694,0
3694,3695,0
3695,3696,0
3696,3697,0
3697,3698,0
3698,3699,1
3699,3700,0
3700,3701,1
3701,3702,1
3702,3703,0
3703,3704,1
3704,3705,1
3705,3706,0
3706,3707,0
3707,3708,0
3708,3709,0
3709,3710,0
3710,3711,1
3711,3712,1
3712,3713,1
3713,3714,0
3714,3715,0
3715,3716,1
3716,3717,0
3717,3718,1
3718,3719,1
3719,3720,1
3720,3721,1
3721,3722,1
3722,3723,0
3723,3724,1
3724,3725,0
3725,3726,0
3726,3727,1
3727,3728,0
3728,3729,0
3729,3730,1
3730,3731,1
3731,3732,1
3732,3733,1
3733,3734,1
3734,3735,0
3735,3736,1
3736,3737,0
3737,3738,1
3738,3739,0
3739,3740,1
3740,3741,1
3741,3742,1
3742,3743,0
3743,3744,1
3744,3745,1
3745,3746,0
3746,3747,1
3747,3748,1
3748,3749,1
3749,3750,1
3750,3751,1
3751,3752,0
3752,3753,1
3753,3754,1
3754,3755,0
3755,3756,0
3756,3757,0
3757,3758,0
3758,3759,0
3759,3760,0
3760,3761,0
3761,3762,0
3762,3763,1
3763,3764,1
3764,3765,0
3765,3766,0
3766,3767,1
3767,3768,1
3768,3769,0
3769,3770,1
3770,3771,0
3771,3772,1
3772,3773,1
3773,3774,0
3774,3775,0
3775,3776,0
3776,3777,0
3777,3778,1
3778,3779,1
3779,3780,1
3780,3781,0
3781,3782,1
3782,3783,1
3783,3784,0
3784,3785,1
3785,3786,1
3786,3787,1
3787,3788,1
3788,3789,0
3789,3790,0
3790,3791,0
3791,3792,0
3792,3793,0
3793,3794,1
3794,3795,0
3795,3796,1
3796,3797,0
3797,3798,0
3798,3799,0
3799,3800,0
3800,3801,1
3801,3802,0
3802,3803,0
3803,3804,1
3804,3805,1
3805,3806,1
3806,3807,1
3807,3808,0
3808,3809,0
3809,3810,0
3810,3811,1
3811,3812,0
3812,3813,0
3813,3814,0
3814,3815,1
3815,3816,0
3816,3817,0
3817,3818,1
3818,3819,1
3819,3820,1
3820,3821,1
3821,3822,0
3822,3823,0
3823,3824,0
3824,3825,1
3825,3826,0
3826,3827,0
3827,3828,0
3828,3829,0
3829,3830,1
3830,3831,0
3831,3832,0
3832,3833,1
3833,3834,1
3834,3835,0
3835,3836,0
3836,3837,0
3837,3838,1
3838,3839,0
3839,3840,1
3840,3841,1
3841,3842,1
3842,3843,1
3843,3844,0
3844,3845,0
3845,3846,0
3846,3847,1
3847,3848,1
3848,3849,1
3849,3850,0
3850,3851,0
3851,3852,1
3852,3853,1
3853,3854,1
3854,3855,0
3855,3856,1
3856,3857,0
3857,3858,0
3858,3859,0
3859,3860,1
3860,3861,0
3861,3862,0
3862,3863,1
3863,3864,0
3864,3865,0
3865,3866,1
3866,3867,1
3867,3868,0
3868,3869,1
3869,3870,1
3870,3871,1
3871,3872,1
3872,3873,1
3873,3874,1
3874,3875,0
3875,3876,1
3876,3877,0
3877,3878,0
3878,3879,1
3879,3880,0
3880,3881,0
3881,3882,0
3882,3883,1
3883,3884,1
3884,3885,0
3885,3886,1
3886,3887,1
3887,3888,1
3888,3889,0
3889,3890,0
3890,3891,0
3891,3892,0
3892,3893,0
3893,3894,0
3894,3895,1
3895,3896,0
3896,3897,0
3897,3898,0
3898,3899,0
3899,3900,0
3900,3901,1
3901,3902,1
3902,3903,0
3903,3904,0
3904,3905,1
3905,3906,0
3906,3907,0
3907,3908,0
3908,3909,0
3909,3910,0
3910,3911,0
3911,3912,1
3912,3913,1
3913,3914,0
3914,3915,0
3915,3916,0
3916,3917,1
3917,3918,0
3918,3919,0
3919,3920,1
3920,3921,1
3921,3922,0
3922,3923,0
3923,3924,1
3924,3925,0
3925,3926,1
3926,3927,0
3927,3928,0
3928,3929,0
3929,3930,1
3930,3931,1
3931,3932,0
3932,3933,1
3933,3934,0
3934,3935,0
3935,3936,0
3936,3937,1
3937,3938,0
3938,3939,1
3939,3940,0
3940,3941,0
3941,3942,1
3942,3943,1
3943,3944,0
3944,3945,0
3945,3946,1
3946,3947,0
3947,3948,1
3948,3949,0
3949,3950,0
3950,3951,1
3951,3952,1
3952,3953,1
3953,3954,0
3954,3955,0
3955,3956,1
3956,3957,0
3957,3958,1
3958,3959,0
3959,3960,1
3960,3961,1
3961,3962,1
3962,3963,0
3963,3964,0
3964,3965,1
3965,3966,0
3966,3967,1
3967,3968,1
3968,3969,1
3969,3970,1
3970,3971,0
3971,3972,1
3972,3973,1
3973,3974,0
3974,3975,1
3975,3976,1
3976,3977,0
3977,3978,0
3978,3979,1
3979,3980,0
3980,3981,0
3981,3982,0
3982,3983,1
3983,3984,0
3984,3985,1
3985,3986,1
3986,3987,1
3987,3988,0
3988,3989,1
3989,3990,0
3990,3991,1
3991,3992,1
3992,3993,0
3993,3994,0
3994,3995,0
3995,3996,1
3996,3997,0
3997,3998,0
3998,3999,1
3999,4000,0
